date,rb_close,hc_close,cold_roll_close,rb_spot
2024-06-03,3197,3486,4388,3275
2024-06-04,3195,3519,4412,3284
2024-06-05,3206,3534,4411,3292
2024-06-06,3214,3556,4412,3304
2024-06-07,3233,3550,4406,3311
2024-06-10,3243,3552,4429,3318
2024-06-11,3245,3558,4462,3331
2024-06-12,3240,3558,4466,3331
2024-06-13,3252,3545,4471,3339
2024-06-14,3256,3547,4473,3349
2024-06-17,3261,3567,4475,3357
2024-06-18,3262,3576,4475,3367
2024-06-19,3252,3585,4481,3372
2024-06-20,3264,3597,4489,3379
2024-06-21,3271,3598,4499,3379
2024-06-24,3276,3610,4497,3378
2024-06-25,3284,3612,4502,3374
2024-06-26,3277,3619,4489,3374
2024-06-27,3294,3610,4481,3384
2024-06-28,3292,3610,4490,3384
2024-07-01,3295,3612,4474,3385
2024-07-02,3301,3603,4454,3376
2024-07-03,3280,3591,4438,3383
2024-07-04,3291,3573,4429,3376
2024-07-05,3290,3573,4430,3373
2024-07-08,3275,3571,4422,3371
2024-07-09,3269,3574,4430,3369
2024-07-10,3287,3575,4431,3367
2024-07-11,3282,3587,4426,3384
2024-07-12,3267,3584,4433,3387
2024-07-15,3262,3586,4420,3387
2024-07-16,3261,3584,4385,3371
2024-07-17,3252,3579,4383,3364
2024-07-18,3243,3569,4374,3369
2024-07-19,3247,3569,4387,3365
2024-07-22,3249,3564,4394,3356
2024-07-23,3245,3549,4389,3356
2024-07-24,3240,3545,4374,3349
2024-07-25,3236,3530,4387,3353
2024-07-26,3229,3526,4383,3351
2024-07-29,3225,3531,4400,3343
2024-07-30,3222,3533,4392,3354
2024-07-31,3229,3517,4378,3354
2024-08-01,3217,3500,4386,3349
2024-08-02,3221,3475,4380,3338
2024-08-05,3230,3468,4377,3335
2024-08-06,3221,3465,4393,3333
2024-08-07,3220,3446,4390,3326
2024-08-08,3220,3438,4387,3315
2024-08-09,3217,3420,4386,3311
2024-08-12,3212,3413,4379,3311
2024-08-13,3203,3422,4376,3319
2024-08-14,3185,3422,4377,3317
2024-08-15,3189,3436,4379,3320
2024-08-16,3164,3442,4378,3329
2024-08-19,3167,3438,4355,3314
2024-08-20,3174,3452,4357,3307
2024-08-21,3166,3460,4396,3300
2024-08-22,3170,3445,4396,3308
2024-08-23,3176,3442,4398,3300
2024-08-26,3181,3435,4401,3289
2024-08-27,3178,3434,4412,3295
2024-08-28,3181,3437,4430,3291
2024-08-29,3183,3447,4429,3288
2024-08-30,3176,3449,4441,3283
2024-09-02,3172,3446,4438,3276
2024-09-03,3177,3454,4430,3278
2024-09-04,3172,3451,4440,3283
2024-09-05,3175,3456,4439,3289
2024-09-06,3175,3453,4441,3277
2024-09-09,3172,3463,4461,3278
2024-09-10,3171,3462,4463,3284
2024-09-11,3172,3455,4443,3279
2024-09-12,3170,3441,4452,3279
2024-09-13,3169,3440,4435,3273
2024-09-16,3172,3432,4424,3267
2024-09-17,3167,3442,4431,3253
2024-09-18,3166,3444,4420,3261
2024-09-19,3161,3443,4416,3255
2024-09-20,3160,3436,4407,3258
2024-09-23,3156,3438,4418,3243
2024-09-24,3157,3425,4410,3241
2024-09-25,3161,3403,4413,3235
2024-09-26,3146,3387,4398,3222
2024-09-27,3152,3384,4408,3222
2024-09-30,3157,3399,4414,3213
2024-10-01,3146,3404,4417,3203
2024-10-02,3160,3402,4413,3196
2024-10-03,3157,3395,4411,3189
2024-10-04,3157,3389,4423,3182
2024-10-07,3165,3386,4422,3182
2024-10-08,3157,3381,4409,3176
2024-10-09,3145,3391,4408,3165
2024-10-10,3139,3374,4398,3170
2024-10-11,3138,3382,4400,3177
2024-10-14,3138,3378,4385,3168
2024-10-15,3141,3366,4390,3150
2024-10-16,3152,3360,4401,3150
2024-10-17,3145,3360,4415,3145
2024-10-18,3135,3373,4427,3143
2024-10-21,3138,3368,4432,3138
2024-10-22,3138,3384,4449,3146
2024-10-23,3138,3382,4460,3141
2024-10-24,3130,3399,4477,3145
2024-10-25,3137,3401,4475,3150
2024-10-28,3145,3426,4478,3160
2024-10-29,3146,3439,4472,3161
2024-10-30,3171,3443,4488,3160
2024-10-31,3166,3465,4509,3161
2024-11-01,3179,3474,4537,3171
2024-11-04,3180,3472,4534,3184
2024-11-05,3180,3477,4566,3199
2024-11-06,3178,3473,4571,3202
2024-11-07,3193,3471,4565,3207
2024-11-08,3195,3488,4587,3216
2024-11-11,3199,3500,4602,3223
2024-11-12,3204,3502,4597,3238
2024-11-13,3216,3516,4593,3253
2024-11-14,3233,3519,4599,3266
2024-11-15,3244,3531,4594,3272
2024-11-18,3262,3543,4605,3278
2024-11-19,3281,3560,4642,3285
2024-11-20,3287,3546,4677,3294
2024-11-21,3298,3559,4672,3313
2024-11-22,3313,3580,4685,3325
2024-11-25,3327,3600,4693,3326
2024-11-26,3336,3615,4681,3329
2024-11-27,3356,3622,4674,3334
2024-11-28,3362,3628,4671,3349
2024-11-29,3367,3616,4662,3360
2024-12-02,3377,3614,4676,3372
2024-12-03,3382,3616,4667,3375
2024-12-04,3380,3607,4663,3372
2024-12-05,3393,3594,4679,3375
2024-12-06,3398,3589,4674,3383
2024-12-09,3410,3577,4675,3394
2024-12-10,3422,3576,4674,3401
2024-12-11,3416,3562,4671,3409
2024-12-12,3423,3564,4672,3409
2024-12-13,3421,3557,4657,3409
2024-12-16,3425,3547,4672,3411
2024-12-17,3430,3543,4651,3409
2024-12-18,3425,3535,4648,3412
2024-12-19,3418,3534,4637,3414
2024-12-20,3417,3528,4637,3406
2024-12-23,3413,3522,4635,3414
2024-12-24,3408,3512,4622,3408
2024-12-25,3408,3500,4598,3412
2024-12-26,3405,3498,4601,3406
2024-12-27,3406,3488,4582,3404
2024-12-30,3408,3462,4557,3401
2024-12-31,3399,3453,4538,3387
2025-01-01,3392,3444,4534,3386
2025-01-02,3391,3445,4516,3375
2025-01-03,3389,3453,4524,3356
2025-01-06,3387,3469,4516,3360
2025-01-07,3394,3458,4501,3352
2025-01-08,3401,3459,4496,3337
2025-01-09,3386,3460,4491,3350
2025-01-10,3383,3439,4488,3353
2025-01-13,3378,3416,4500,3348
2025-01-14,3367,3392,4487,3340
2025-01-15,3353,3389,4482,3340
2025-01-16,3333,3379,4478,3323
2025-01-17,3329,3386,4480,3314
2025-01-20,3323,3379,4466,3308
2025-01-21,3323,3389,4449,3307
2025-01-22,3318,3392,4418,3312
2025-01-23,3322,3409,4428,3313
2025-01-24,3329,3387,4406,3313
2025-01-27,3323,3394,4408,3307
2025-01-28,3318,3389,4411,3303
2025-01-29,3327,3391,4411,3312
2025-01-30,3320,3396,4404,3314
2025-01-31,3333,3390,4422,3311
2025-02-03,3348,3380,4420,3313
2025-02-04,3346,3394,4401,3309
2025-02-05,3347,3398,4401,3311
2025-02-06,3350,3409,4407,3307
2025-02-07,3341,3422,4403,3319
2025-02-10,3357,3447,4417,3312
2025-02-11,3342,3451,4426,3312
2025-02-12,3342,3444,4430,3313
2025-02-13,3339,3447,4413,3322
2025-02-14,3355,3458,4427,3314
2025-02-17,3355,3453,4435,3311
2025-02-18,3345,3446,4448,3311
2025-02-19,3348,3428,4451,3317
2025-02-20,3350,3429,4448,3333
2025-02-21,3359,3427,4455,3328
2025-02-24,3345,3422,4462,3326
2025-02-25,3351,3427,4462,3338
2025-02-26,3358,3426,4460,3337
2025-02-27,3351,3429,4447,3329
2025-02-28,3342,3453,4431,3331
2025-03-03,3334,3461,4437,3329
2025-03-04,3340,3459,4438,3321
2025-03-05,3343,3457,4426,3323
2025-03-06,3336,3450,4418,3324
2025-03-07,3339,3448,4397,3318
2025-03-10,3345,3435,4391,3322
2025-03-11,3338,3432,4378,3309
2025-03-12,3343,3412,4386,3304
2025-03-13,3336,3418,4396,3300
2025-03-14,3329,3430,4390,3305
2025-03-17,3323,3420,4398,3296
2025-03-18,3321,3407,4364,3295
2025-03-19,3301,3393,4347,3295
2025-03-20,3289,3394,4339,3296
2025-03-21,3267,3396,4333,3296
2025-03-24,3268,3402,4347,3295
2025-03-25,3273,3380,4338,3288
2025-03-26,3280,3390,4338,3289
2025-03-27,3262,3386,4344,3290
2025-03-28,3260,3395,4339,3295
2025-03-31,3248,3411,4309,3286
2025-04-01,3236,3407,4315,3279
2025-04-02,3230,3412,4292,3278
2025-04-03,3219,3409,4289,3279
2025-04-04,3234,3408,4318,3281
2025-04-07,3222,3424,4313,3274
2025-04-08,3215,3424,4325,3269
2025-04-09,3215,3436,4323,3269
2025-04-10,3217,3445,4321,3281
2025-04-11,3219,3463,4333,3278
2025-04-14,3213,3487,4355,3270
2025-04-15,3218,3498,4362,3272
2025-04-16,3224,3514,4371,3275
2025-04-17,3234,3537,4345,3283
2025-04-18,3238,3549,4353,3271
2025-04-21,3250,3548,4346,3261
2025-04-22,3246,3571,4365,3273
2025-04-23,3262,3582,4376,3271
2025-04-24,3275,3605,4403,3283
2025-04-25,3285,3589,4392,3288
2025-04-28,3296,3612,4399,3294
2025-04-29,3311,3628,4436,3295
2025-04-30,3326,3638,4453,3302
2025-05-01,3326,3657,4455,3296
2025-05-02,3343,3678,4457,3301
2025-05-05,3353,3695,4472,3310
2025-05-06,3370,3713,4503,3320
2025-05-07,3382,3714,4505,3324
2025-05-08,3383,3712,4522,3336
2025-05-09,3382,3705,4537,3354
2025-05-12,3394,3726,4545,3364
2025-05-13,3409,3731,4562,3366
2025-05-14,3406,3733,4553,3374
2025-05-15,3410,3741,4558,3376
2025-05-16,3424,3754,4553,3392
2025-05-19,3428,3749,4571,3398
2025-05-20,3447,3754,4610,3400
2025-05-21,3457,3772,4603,3399
2025-05-22,3470,3769,4615,3394
2025-05-23,3469,3792,4611,3402
2025-05-26,3486,3803,4597,3397
2025-05-27,3495,3801,4598,3404
2025-05-28,3500,3806,4604,3413
2025-05-29,3508,3806,4597,3416
2025-05-30,3511,3806,4600,3415
2025-06-02,3522,3802,4594,3426
2025-06-03,3522,3800,4595,3427
2025-06-04,3519,3799,4590,3430
2025-06-05,3517,3789,4585,3429
2025-06-06,3518,3782,4579,3440
2025-06-09,3516,3788,4580,3439
2025-06-10,3500,3783,4609,3441
2025-06-11,3506,3798,4610,3446
2025-06-12,3496,3800,4608,3436
2025-06-13,3489,3792,4591,3434
2025-06-16,3483,3785,4552,3443
2025-06-17,3485,3773,4526,3429
2025-06-18,3465,3771,4525,3423
2025-06-19,3451,3765,4512,3425
2025-06-20,3464,3758,4493,3425
2025-06-23,3470,3761,4483,3426
2025-06-24,3479,3750,4469,3419
2025-06-25,3473,3742,4456,3416
2025-06-26,3478,3731,4445,3414
2025-06-27,3472,3725,4433,3413
2025-06-30,3465,3719,4409,3402
2025-07-01,3448,3715,4394,3397
2025-07-02,3444,3719,4385,3394
2025-07-03,3439,3725,4374,3381
2025-07-04,3419,3732,4405,3384
2025-07-07,3409,3719,4397,3371
2025-07-08,3404,3721,4390,3370
2025-07-09,3394,3719,4399,3376
2025-07-10,3397,3716,4383,3380
2025-07-11,3393,3703,4376,3379
2025-07-14,3394,3719,4387,3372
2025-07-15,3402,3706,4401,3373
2025-07-16,3404,3703,4400,3370
2025-07-17,3394,3707,4410,3366
2025-07-18,3398,3707,4397,3363
2025-07-21,3394,3700,4399,3361
2025-07-22,3382,3708,4400,3358
2025-07-23,3380,3723,4398,3351
2025-07-24,3384,3719,4395,3353
2025-07-25,3387,3721,4409,3352
2025-07-28,3375,3706,4411,3358
2025-07-29,3376,3705,4431,3368
2025-07-30,3384,3710,4425,3376
2025-07-31,3379,3711,4416,3384
2025-08-01,3379,3700,4409,3388
2025-08-04,3380,3692,4413,3390
2025-08-05,3381,3691,4413,3388
2025-08-06,3389,3689,4439,3387
2025-08-07,3390,3691,4436,3379
2025-08-08,3380,3693,4432,3374
2025-08-11,3371,3690,4424,3382
2025-08-12,3371,3679,4423,3386
2025-08-13,3355,3685,4429,3386
2025-08-14,3353,3691,4434,3386
2025-08-15,3352,3689,4402,3379
2025-08-18,3353,3690,4408,3382
2025-08-19,3347,3692,4415,3384
2025-08-20,3345,3714,4407,3381
2025-08-21,3336,3719,4396,3372
2025-08-22,3327,3716,4374,3368
2025-08-25,3330,3700,4356,3374
2025-08-26,3322,3689,4351,3373
2025-08-27,3321,3683,4339,3372
2025-08-28,3325,3677,4327,3371
2025-08-29,3333,3670,4308,3358
2025-09-01,3340,3668,4304,3350
2025-09-02,3331,3661,4300,3347
2025-09-03,3315,3666,4290,3346
2025-09-04,3309,3656,4294,3341
2025-09-05,3301,3669,4297,3342
2025-09-08,3296,3690,4295,3344
2025-09-09,3291,3683,4275,3336
2025-09-10,3286,3675,4273,3335
2025-09-11,3269,3681,4268,3319
2025-09-12,3269,3687,4268,3317
2025-09-15,3281,3691,4266,3314
2025-09-16,3292,3699,4268,3309
2025-09-17,3295,3687,4278,3302
2025-09-18,3300,3682,4274,3301
2025-09-19,3293,3688,4280,3296
2025-09-22,3290,3693,4287,3293
2025-09-23,3308,3698,4294,3286
2025-09-24,3311,3701,4288,3289
2025-09-25,3323,3691,4288,3280
2025-09-26,3326,3693,4305,3273
2025-09-29,3334,3712,4326,3286
2025-09-30,3343,3713,4353,3291
2025-10-01,3352,3728,4379,3303
2025-10-02,3349,3731,4394,3303
2025-10-03,3353,3746,4405,3302
2025-10-06,3375,3768,4420,3309
2025-10-07,3381,3769,4443,3326
2025-10-08,3398,3783,4448,3319
2025-10-09,3404,3775,4457,3317
2025-10-10,3402,3774,4464,3311
2025-10-13,3404,3783,4484,3309
2025-10-14,3401,3798,4498,3315
2025-10-15,3395,3808,4514,3328
2025-10-16,3401,3820,4505,3339
2025-10-17,3404,3835,4514,3346
2025-10-20,3403,3845,4540,3351
2025-10-21,3405,3860,4540,3359
2025-10-22,3409,3879,4546,3354
2025-10-23,3422,3885,4561,3362
2025-10-24,3434,3882,4582,3363
2025-10-27,3443,3880,4599,3366
2025-10-28,3458,3882,4598,3376
2025-10-29,3466,3872,4582,3388
2025-10-30,3475,3884,4566,3398
2025-10-31,3474,3902,4568,3402
2025-11-03,3475,3902,4563,3406
2025-11-04,3481,3896,4573,3414
2025-11-05,3483,3916,4587,3418
2025-11-06,3501,3918,4602,3415
2025-11-07,3509,3923,4606,3427
2025-11-10,3518,3931,4597,3428
2025-11-11,3520,3933,4596,3421
2025-11-12,3525,3933,4600,3414
2025-11-13,3539,3938,4595,3415
2025-11-14,3535,3935,4602,3424
2025-11-17,3545,3930,4600,3433
2025-11-18,3533,3918,4605,3438
2025-11-19,3537,3917,4596,3431
2025-11-20,3544,3905,4580,3431
2025-11-21,3550,3896,4574,3438
2025-11-24,3555,3910,4560,3430
2025-11-25,3542,3899,4545,3427
2025-11-26,3536,3914,4540,3422
2025-11-27,3545,3915,4525,3433
2025-11-28,3550,3922,4516,3438
2025-12-01,3541,3920,4485,3440
2025-12-02,3532,3899,4495,3449
2025-12-03,3531,3892,4492,3448
2025-12-04,3526,3874,4482,3446
2025-12-05,3520,3863,4475,3453
2025-12-08,3510,3871,4473,3449
2025-12-09,3508,3865,4490,3437
2025-12-10,3510,3850,4481,3441
2025-12-11,3506,3845,4489,3436
2025-12-12,3507,3840,4490,3442
